{	"con_com": [2117, 2177],
	"negative": [0, 59],
	"positive": [0, 61],
	"intermediate": [0, 247],
	"junction": [0, 0],
	"zipper": [0, 1],
	"total_nodes": [0, 368],
	"correlation_avg_global": [0, 0.521904],
	"correlation_avg_local": [0, 0.58582],
	"correlation_avg_short": [0, 0.58582],
	"correlation_dist": [0.977402, 0.799667, 0.69242, 0.650968, 0.580786, 0.548241, 0.526314, 0.520161, 0.516775, 0.499973, 0.481129, 0.479395, 0.494022, 0.537304, 0.539813, 0.528759, 0.535614, 0.5205, 0.521862, 0.540027, 0.529148, 0.529607, 0.520093, 0.524616, 0.490814, 0.495758, 0.525358, 0.532136, 0.507, 0.505282, 0.518305, 0.509535, 0.493332, 0.472889, 0.46955, 0.46758, 0.451276, 0.489361, 0.495992, 0.476805, 0.503514, 0.497477, 0.448773, 0.41397, 0.450943, 0.485484, 0.55019, 0.449687, 0.385085, 0.414503],
	"angular_hist": [12, 0, 20, 19, 19, 24, 22, 25, 55, 17, 10, 25, 18, 35, 9, 18, 20, 19],
	"angles": [24.0009, 180, 98.8306, 76.882, 92.7966, 82.0599, 89.2512, 89.2512, 89.2512, 134.813, 134.813, 134.813, 87.6901, 74.9153, 123.557, 88.8821, 33.1548, 44.5895, 103.191, 63.3172, 118.293, 57.7198, 57.7198, 57.7198, 80.4339, 38.7755, 121.298, 72.3882, 53.5106, 52.911, 128.05, 5.67407, 45.8224, 2.87395, 2.87395, 2.87395, 68.4106, 68.4106, 68.4106, 20.6094, 21.355, 169.813, 169.813, 130.842, 150.723, 119.639, 68.4559, 176.307, 150.069, 174.315, 137.659, 152.999, 71.7737, 133.3, 93.9887, 93.9887, 93.9887, 82.3285, 82.3285, 82.3285, 54.3006, 114.516, 87.6901, 54.4339, 125.773, 134.085, 149.826, 136.038, 110.094, 110.094, 110.094, 162.021, 115.48, 103.991, 68.1881, 24.0009, 98.8306, 180, 82.0599, 92.7966, 76.882, 72.5047, 89.2512, 87.6901, 74.9153, 88.8821, 33.1548, 44.5895, 103.191, 103.191, 103.191, 118.293, 30.8, 38.7755, 121.298, 152.999, 152.999, 72.3882, 53.5106, 53.5106, 53.5106, 52.911, 123.557, 128.05, 128.05, 45.8224, 21.355, 169.813, 119.639, 119.639, 150.723, 63.3172, 80.4339, 150.069, 174.315, 71.7737, 133.3, 133.3, 54.3006, 54.3006, 114.516, 54.4339, 5.67407, 20.6094, 130.842, 125.773, 125.773, 149.826, 68.4559, 176.307, 137.659, 115.48, 85.8842, 24.0009, 87.6901, 87.6901, 74.9153, 136.038, 82.0599, 88.8821, 134.085, 72.5047, 118.293, 30.8, 162.021, 103.991, 38.7755, 121.298, 68.1881, 52.911, 180, 92.7966, 76.882, 45.8224, 33.1548, 44.5895, 169.813, 150.723, 89.2512, 63.3172, 80.4339, 150.069, 98.8306, 71.7737, 72.3882, 123.557, 54.4339, 5.67407, 20.6094, 130.842, 149.826, 176.307, 176.307, 68.4559, 174.315, 137.659, 115.48, 115.48, 85.8842, 114.516, 87.6901, 87.6901, 74.9153, 74.9153, 136.038, 136.038, 88.8821, 134.085, 72.5047, 118.293, 30.8, 30.8, 162.021, 103.991, 38.7755, 121.298, 121.298, 68.1881, 24.0009, 180, 92.7966, 92.7966, 76.882, 76.882, 45.8224, 82.0599, 33.1548, 44.5895, 169.813, 63.3172, 63.3172, 89.2512, 80.4339, 98.8306, 71.7737, 71.7737, 72.3882, 52.911, 123.557, 5.67407, 20.6094, 130.842, 150.723, 149.826, 68.4559, 150.069, 174.315, 137.659, 114.516, 87.6901, 87.6901, 54.4339, 134.085, 72.5047, 162.021, 103.991, 68.1881, 85.8842, 118.293, 180, 180, 88.8821, 24.0009, 82.0599, 44.5895, 89.2512, 80.4339, 33.1548, 38.7755, 72.3882, 72.3882, 52.911, 123.557, 45.8224, 5.67407, 20.6094, 169.813, 130.842, 150.723, 150.723, 68.4559, 150.069, 98.8306, 174.315, 114.516, 114.516, 87.6901, 54.4339, 54.4339, 137.659, 134.085, 149.826, 162.021, 103.991, 103.991, 38.7755, 38.7755, 85.8842, 118.293, 24.0009, 82.0599, 82.0599, 68.1881, 21.355, 89.2512, 89.2512, 80.4339, 80.4339, 33.1548, 44.5895, 52.911, 123.557, 123.557, 88.8821, 45.8224, 5.67407, 20.6094, 20.6094, 169.813, 130.842, 68.4559, 68.4559, 150.069, 98.8306, 174.315, 87.6901, 137.659, 137.659, 149.826, 162.021, 85.8842, 85.8842, 134.085, 24.0009, 24.0009, 68.1881, 68.1881, 21.355, 21.355, 118.293, 33.1548, 33.1548, 52.911, 52.911, 44.5895, 88.8821, 45.8224, 169.813, 150.069, 98.8306, 87.6901, 87.6901, 5.67407, 174.315, 130.842, 44.5895, 44.5895, 88.8821, 88.8821, 134.085, 134.085, 162.021, 162.021, 149.826, 149.826, 150.069, 150.069, 98.8306, 98.8306, 169.813, 169.813, 45.8224, 45.8224, 5.67407, 5.67407, 130.842, 130.842, 174.315, 174.315, 169.813, 88.8821, 44.5895, 162.021, 118.293, 118.293, 134.085, 149.826]
}